Workbook

Sheet Português
A1: Concursos para cargos de Analista de Sistemas.
A2: Instituições de Concurso Público | C2: Hu Brasil
A3: Matérias | B3: Títulos | C3: Cobrado?
A4: Compreensão e interpretação de textos | B4: Tema | C4: SIM
A5: Compreensão e interpretação de textos | B5: Ideia principal e secundária | C5: SIM
A6: Compreensão e interpretação de textos | B6: Informações explícitas e implícitas | C6: SIM
A7: Compreensão e interpretação de textos | B7: Inferência | C7: SIM
A8: Compreensão e interpretação de textos | B8: Finalidade | C8: SIM
A9: Compreensão e interpretação de textos | B9: Ponto de vista. | C9: SIM
A10: Tipologia e gêneros textuais | B10: Narração | C10: SIM
A11: Tipologia e gêneros textuais | B11: Descrição | C11: SIM
A12: Tipologia e gêneros textuais | B12: Dissertação/Exposição | C12: SIM
A13: Tipologia e gêneros textuais | B13: Argumentação | C13: SIM
A14: Tipologia e gêneros textuais | B14: Injunção | C14: SIM
... A70: Pontuação | B70: Emprego da vírgula em orações e termos. | C70: SIM

Sheet Raciocínio Lógico Matemático
A1: Concursos para cargos de Analista de Sistemas.
A2: Instituições de Concurso Público | C2: Hu Brasil
A3: Matérias | B3: Títulos | C3: Cobrado?
A4: Estruturas lógicas e lógica de argumentação | B4: Premissas | C4: SIM
A5: Estruturas lógicas e lógica de argumentação | B5: Conclusão | C5: SIM
A6: Estruturas lógicas e lógica de argumentação | B6: Validade | C6: SIM
A7: Estruturas lógicas e lógica de argumentação | B7: Equivalência | C7: SIM
A8: Estruturas lógicas e lógica de argumentação | B8: Negação | C8: SIM
A9: Estruturas lógicas e lógica de argumentação | B9: Identificação de argumentos. | C9: SIM
A10: Conectivos e proposições simples/compostas | B10: Proposição | C10: SIM
A11: Conectivos e proposições simples/compostas | B11: Negação | C11: SIM
A12: Conectivos e proposições simples/compostas | B12: Conjunção | C12: SIM
A13: Conectivos e proposições simples/compostas | B13: Disjunção | C13: SIM
A14: Conectivos e proposições simples/compostas | B14: Condicional | C14: SIM
... A33: Operações aritméticas e problemas matriciais ou combinatórios | B33: Matrizes e operações básicas. | C33: SIM

Sheet Legislação Aplicada à Ebserh
A1: Concursos para cargos de Analista de Sistemas.
A2: Instituições de Concurso Público | C2: Hu Brasil
A3: Matérias | B3: Títulos | C3: Cobrado?
A4: Lei nº 12.550/2011 | B4: Criação da Ebserh | C4: SIM
B5: Finalidade | C5: SIM
B6: Natureza jurídica | C6: SIM
B7: Competência | C7: SIM
B8: Vinculação | C8: SIM
B9: Contrato | C9: SIM
B10: Atuação junto aos hospitais universitários. | C10: SIM
A11: Decreto nº 7.661/2011 / Estatuto Social | B11: Objeto social | C11: SIM
B12: Organização | C12: SIM
B13: Administração | C13: SIM
B14: Orgãos | C14: SIM
B15: Competências | C15: SIM
B16: Funcionamento institucional. | C16: SIM
A17: Regimento Interno da Ebserh | B17: Estrutura organizacional | C17: SIM
B18: Competências das unidades | C18: SIM
B19: Responsabilidades | C19: SIM
B20: Funcionamento | C20: SIM
B21: Atribuições. | C21: SIM
A22: Código de Ética e Conduta | B22: Princípios éticos | C22: SIM
B23: Deveres | C23: SIM
B24: Condutas vedadas | C24: SIM
B25: Conflitos de interesse | C25: SIM
B26: Relacionamento profissional | C26: SIM
B27: Patrimônio público. | C27: SIM

Sheet Legislação Aplicada ao SUS
A1: Concursos para cargos de Analista de Sistemas.
A2: Instituições de Concurso Público | C2: Hu Brasil
A3: Matérias | B3: Títulos | C3: Cobrado?
A4: Evolução histórica da saúde no Brasil | B4: Modelo pré-SUS | C4: SIM
A5: Evolução histórica da saúde no Brasil | B5: Reforma Sanitária | C5: SIM
A6: Evolução histórica da saúde no Brasil | B6: 8ª Conferência Nacional de Saúde | C6: SIM
A7: Evolução histórica da saúde no Brasil | B7: Constituição de 1988 | C7: SIM
A8: Evolução histórica da saúde no Brasil | B8: Implantação e consolidação do SUS. | C8: SIM
A9: SUS na Constituição Federal — arts. 196 a 200 | B9: Direito à saúde | C9: SIM
A10: SUS na Constituição Federal — arts. 196 a 200 | B10: Relevância pública | C10: SIM
A11: SUS na Constituição Federal — arts. 196 a 200 | B11: Diretrizes | C11: SIM
A12: SUS na Constituição Federal — arts. 196 a 200 | B12: Competências | C12: SIM
A13: SUS na Constituição Federal — arts. 196 a 200 | B13: Participação complementar da iniciativa privada. | C13: SIM
A14: Lei nº 8.080/1990 | B14: Princípios e diretrizes | C14: SIM
... A29: Decreto nº 7.508/2011 | B29: Planejamento e articulação interfederativa. | C29: SIM

Sheet Conhecimentos Específicos
A1: Concursos para cargos de Analista de Sistemas.
A2: Instituições de Concurso Público | D2: Hu Brasil
A3: Disciplinas | B3: Títulos | C3: Desbobramentos | D3: Cobrado?
A4: Engenharia de Software | B4: Engenharia de Requisitos — Elicitação | C4: Identificação de stakeholders | D4: SIM
A5: Engenharia de Software | B5: Engenharia de Requisitos — Elicitação | C5: Entrevistas | D5: SIM
A6: Engenharia de Software | B6: Engenharia de Requisitos — Elicitação | C6: Workshops | D6: SIM
A7: Engenharia de Software | B7: Engenharia de Requisitos — Elicitação | C7: Observação | D7: SIM
A8: Engenharia de Software | B8: Engenharia de Requisitos — Elicitação | C8: Prototipação | D8: SIM
A9: Engenharia de Software | B9: Engenharia de Requisitos — Elicitação | C9: Técnicas de levantamento. | D9: SIM
A10: Engenharia de Software | B10: Engenharia de Requisitos — Análise | C10: Requisitos funcionais | D10: SIM
A11: Engenharia de Software | B11: Engenharia de Requisitos — Análise | C11: Requisitos não funcionais | D11: SIM
A12: Engenharia de Software | B12: Engenharia de Requisitos — Análise | C12: Priorização | D12: SIM
A13: Engenharia de Software | B13: Engenharia de Requisitos — Análise | C13: Conflitos | D13: SIM
A14: Engenharia de Software | B14: Engenharia de Requisitos — Análise | C14: Dependências | D14: SIM
... A311: Governança de TI e Segurança | B311: LGPD aplicada a dados de saúde pública | C311: Compartilhamento e tratamento pelo poder público. | D311: SIM

Sheet Edital Detalhado
A1: MAPA DO EDITAL — DO TÍTULO AO QUE ESTUDAR
A3: Bloco | B3: Disciplina | C3: Título do edital | D3: Desdobramento | E3: Como estudar | F3: Prioridade
A4: Conhecimentos Básicos | B4: Língua Portuguesa | C4: Compreensão e interpretação de textos | D4: Tema, ideia principal e secundária; informações explícitas e implícitas; inferência; finalidade e ponto de vista. | E4: Teoria + questões de interpretação + revisão dos erros | F4: Alta
A5: Conhecimentos Básicos | B5: Língua Portuguesa | C5: Tipologia e gêneros textuais | D5: Narração, descrição, dissertação/exposição, argumentação, injunção; características e finalidade dos gêneros. | E5: Resumo comparativo + questões | F5: Média
A6: Conhecimentos Básicos | B6: Língua Portuguesa | C6: Ortografia oficial | D6: Emprego de letras; hífen; grafias oficiais; palavras homônimas/parônimas; acordo ortográfico. | E6: Mapa de regras + questões | F6: Média
A7: Conhecimentos Básicos | B7: Língua Portuguesa | C7: Acentuação | D7: Oxítonas, paroxítonas e proparoxítonas; hiatos; ditongos; regras especiais e exceções. | E7: Quadro de regras + questões | F7: Média
A8: Conhecimentos Básicos | B8: Língua Portuguesa | C8: Classes de palavras | D8: Substantivo, adjetivo, artigo, pronome, numeral, verbo, advérbio, preposição, conjunção e interjeição; funções e emprego. | E8: Teoria + identificação em textos + questões | F8: Alta
A9: Conhecimentos Básicos | B9: Língua Portuguesa | C9: Crase | D9: Casos obrigatórios, proibidos e facultativos; teste da substituição; locuções e casos especiais. | E9: Lista de regras + questões | F9: Alta
A10: Conhecimentos Básicos | B10: Língua Portuguesa | C10: Sintaxe da oração e do período | D10: Termos essenciais, integrantes e acessórios; coordenação e subordinação; orações reduzidas; funções sintáticas. | E10: Análise sintática + questões | F10: Alta
A11: Conhecimentos Básicos | B11: Língua Portuguesa | C11: Concordância nominal e verbal | D11: Regras gerais; sujeito composto; porcentagens; expressões partitivas; verbos impessoais; casos especiais. | E11: Tabela de regras + questões | F11: Alta
A12: Conhecimentos Básicos | B12: Língua Portuguesa | C12: Regência nominal e verbal | D12: Preposições exigidas; verbos de regência recorrente; mudança de sentido; regência e crase. | E12: Tabela de regências + questões | F12: Alta
A13: Conhecimentos Básicos | B13: Língua Portuguesa | C13: Pontuação | D13: Vírgula; ponto e vírgula; dois-pontos; travessão; parênteses; emprego da vírgula em orações e termos. | E13: Regras + questões de correção | F13: Alta
A14: Conhecimentos Básicos | B14: Raciocínio Lógico-Matemático | C14: Estruturas lógicas e lógica de argumentação | D14: Premissas, conclusão, validade, equivalência, negação e identificação de argumentos. | E14: Teoria + exercícios | F14: Alta
... A70: Conhecimentos Específicos | B70: Governança de TI e Segurança | C70: LGPD aplicada a dados de saúde pública | D70: Princípios; bases legais; agentes de tratamento; direitos dos titulares; dados pessoais e sensíveis; segurança; incidentes; compartilhamento e tratamento pelo poder público. | E70: Leitura da lei + casos práticos + questões | F70: Alta

Sheet Linguagens Programação
A1: Linguagens exigidas nos maiores concursos.
A2: SQL (Banco de Dados)
A3: JAVA (Orientação a Objetos)
A4: JAVASCRIPT/PHP (Web)
A5: PYTHON (Dados/IA)

Sheet Estatística para Estudo Focado
A1: Prioridade | B1: Disciplina | C1: O que estudar
A2: 🔴 1 | B2: Programação / POO | C2: Classes, encapsulamento, herança, polimorfismo, interfaces, relacionamentos entre objetos
A3: 🔴 2 | B3: UML | C3: Principalmente Diagrama de Classes: associação, agregação, composição, herança
A4: 🔴 3 | B4: Banco de Dados | C4: Normalização, 3FN, BCNF, SQL/DML, principalmente comandos e conceitos que apareceram
A5: 🔴 4 | B5: Engenharia de Software | C5: Engenharia de requisitos + elicitação + stakeholders + prototipação
A6: 🟠 5 | B6: MVC / Arquitetura de Software | C6: Model, View, Controller, responsabilidades e vantagens
A7: 🟠 6 | B7: Segurança da Informação | C7: Malwares, vírus, botnet, tipos de ataques
A8: 🟠 7 | B8: Data Warehouse / BI | C8: Objetivo de DW + modelagem dimensional + esquema estrela
A9: 🟠 8 | B9: Assinatura Digital / Certificados | C9: Certificados digitais e conceitos relacionados
A11: Foco Prioritário
A12: 1. POO | B12: POO: classe → objeto → encapsulamento → herança → polimorfismo → interface
A13: 2. UML – Diagrama de Classes | B13: UML: associação → agregação → composição → herança → multiplicidade
A14: 3. Banco de Dados – Normalização + SQL | B14: Banco: 1FN → 2FN → 3FN → BCNF → DDL/DML → SELECT → JOIN → DELETE
A15: 4. Engenharia de Requisitos | B15: Requisitos: stakeholders → elicitação → análise → validação → prototipação
A16: 5. MVC | B16: MVC: Model → View → Controller → responsabilidade de cada um → vantagens
A17: 6. Segurança/Malwares | B17: Segurança: vírus → malware → botnet → tipos de malware → conceitos básicos de proteção

Sheet Plano de Estudo
A1: PLANO DE ESTUDOS — ANALISTA DE T.I. (DESENVOLVIMENTO) | EBSERH
A2: Planilha estruturada a partir da grade de conteúdo fornecida, com desmembramento por assunto e checklist de execução.
A4: ID | B4: Bloco | C4: Disciplina | D4: Título do edital | E4: O que estudar | F4: Checklist de estudo | G4: Prioridade | H4: Status | I4: Teoria (h) | J4: Questões (h) | K4: Revisão (h) | L4: Total (h) | M4: Questões feitas | N4: Acertos | O4: % Acerto
A5: 1 | B5: Conhecimentos Básicos | C5: Língua Portuguesa | D5: Compreensão e interpretação de textos | E5: Tema, ideia principal e secundária; informações explícitas e implícitas; inferência; finalidade e ponto de vista. | F5: Teoria + questões de interpretação + revisão dos erros | G5: Alta | H5: Não iniciado | I5: 0 | J5: 0 | K5: 0 | L5: =SUM(I5:K5) -> 0 | M5: 0 | N5: 0 | O5: =IFERROR(N5/M5,0) -> 0
A6: 2 | B6: Conhecimentos Básicos | C6: Língua Portuguesa | D6: Tipologia e gêneros textuais | E6: Narração, descrição, dissertação/exposição, argumentação, injunção; características e finalidade dos gêneros. | F6: Resumo comparativo + questões | G6: Média | H6: Não iniciado | I6: 0 | J6: 0 | K6: 0 | L6: =SUM(I6:K6) -> 0 | M6: 0 | N6: 0 | O6: =IFERROR(N6/M6,0) -> 0
A7: 3 | B7: Conhecimentos Básicos | C7: Língua Portuguesa | D7: Ortografia oficial | E7: Emprego de letras; hífen; grafias oficiais; palavras homônimas/parônimas; acordo ortográfico. | F7: Mapa de regras + questões | G7: Média | H7: Não iniciado | I7: 0 | J7: 0 | K7: 0 | L7: =SUM(I7:K7) -> 0 | M7: 0 | N7: 0 | O7: =IFERROR(N7/M7,0) -> 0
A8: 4 | B8: Conhecimentos Básicos | C8: Língua Portuguesa | D8: Acentuação | E8: Oxítonas, paroxítonas e proparoxítonas; hiatos; ditongos; regras especiais e exceções. | F8: Quadro de regras + questões | G8: Média | H8: Não iniciado | I8: 0 | J8: 0 | K8: 0 | L8: =SUM(I8:K8) -> 0 | M8: 0 | N8: 0 | O8: =IFERROR(N8/M8,0) -> 0
A9: 5 | B9: Conhecimentos Básicos | C9: Língua Portuguesa | D9: Classes de palavras | E9: Substantivo, adjetivo, artigo, pronome, numeral, verbo, advérbio, preposição, conjunção e interjeição; funções e emprego. | F9: Teoria + identificação em textos + questões | G9: Alta | H9: Não iniciado | I9: 0 | J9: 0 | K9: 0 | L9: =SUM(I9:K9) -> 0 | M9: 0 | N9: 0 | O9: =IFERROR(N9/M9,0) -> 0
A10: 6 | B10: Conhecimentos Básicos | C10: Língua Portuguesa | D10: Crase | E10: Casos obrigatórios, proibidos e facultativos; teste da substituição; locuções e casos especiais. | F10: Lista de regras + questões | G10: Alta | H10: Não iniciado | I10: 0 | J10: 0 | K10: 0 | L10: =SUM(I10:K10) -> 0 | M10: 0 | N10: 0 | O10: =IFERROR(N10/M10,0) -> 0
A11: 7 | B11: Conhecimentos Básicos | C11: Língua Portuguesa | D11: Sintaxe da oração e do período | E11: Termos essenciais, integrantes e acessórios; coordenação e subordinação; orações reduzidas; funções sintáticas. | F11: Análise sintática + questões | G11: Alta | H11: Não iniciado | I11: 0 | J11: 0 | K11: 0 | L11: =SUM(I11:K11) -> 0 | M11: 0 | N11: 0 | O11: =IFERROR(N11/M11,0) -> 0
A12: 8 | B12: Conhecimentos Básicos | C12: Língua Portuguesa | D12: Concordância nominal e verbal | E12: Regras gerais; sujeito composto; porcentagens; expressões partitivas; verbos impessoais; casos especiais. | F12: Tabela de regras + questões | G12: Alta | H12: Não iniciado | I12: 0 | J12: 0 | K12: 0 | L12: =SUM(I12:K12) -> 0 | M12: 0 | N12: 0 | O12: =IFERROR(N12/M12,0) -> 0
A13: 9 | B13: Conhecimentos Básicos | C13: Língua Portuguesa | D13: Regência nominal e verbal | E13: Preposições exigidas; verbos de regência recorrente; mudança de sentido; regência e crase. | F13: Tabela de regências + questões | G13: Alta | H13: Não iniciado | I13: 0 | J13: 0 | K13: 0 | L13: =SUM(I13:K13) -> 0 | M13: 0 | N13: 0 | O13: =IFERROR(N13/M13,0) -> 0
A14: 10 | B14: Conhecimentos Básicos | C14: Língua Portuguesa | D14: Pontuação | E14: Vírgula; ponto e vírgula; dois-pontos; travessão; parênteses; emprego da vírgula em orações e termos. | F14: Regras + questões de correção | G14: Alta | H14: Não iniciado | I14: 0 | J14: 0 | K14: 0 | L14: =SUM(I14:K14) -> 0 | M14: 0 | N14: 0 | O14: =IFERROR(N14/M14,0) -> 0
A15: 11 | B15: Conhecimentos Básicos | C15: Raciocínio Lógico-Matemático | D15: Estruturas lógicas e lógica de argumentação | E15: Premissas, conclusão, validade, equivalência, negação e identificação de argumentos. | F15: Teoria + exercícios | G15: Alta | H15: Não iniciado | I15: 0 | J15: 0 | K15: 0 | L15: =SUM(I15:K15) -> 0 | M15: 0 | N15: 0 | O15: =IFERROR(N15/M15,0) -> 0
A16: 12 | B16: Conhecimentos Básicos | C16: Raciocínio Lógico-Matemático | D16: Conectivos e proposições simples/compostas | E16: Proposição; negação; conjunção; disjunção; condicional; bicondicional; tabelas-verdade; equivalências. | F16: Montar tabelas-verdade + questões | G16: Alta | H16: Não iniciado | I16: 0 | J16: 0 | K16: 0 | L16: =SUM(I16:K16) -> 0 | M16: 0 | N16: 0 | O16: =IFERROR(N16/M16,0) -> 0
... A71: 67 | B71: Conhecimentos Específicos | C71: Governança de TI e Segurança | D71: LGPD aplicada a dados de saúde pública | E71: Princípios; bases legais; agentes de tratamento; direitos dos titulares; dados pessoais e sensíveis; segurança; incidentes; compartilhamento e tratamento pelo poder público. | F71: Leitura da lei + casos práticos + questões | G71: Alta | H71: Não iniciado | I71: 0 | J71: 0 | K71: 0 | L71: =SUM(I71:K71) -> 0 | M71: 0 | N71: 0 | O71: =IFERROR(N71/M71,0) -> 0

Sheet Controle
A1: PAINEL DE CONTROLE
A3: Total de assuntos | B3: =COUNTA('Plano de Estudo'!A5:A71) -> 67 | D3: Resumo por disciplina
A4: Assuntos concluídos | B4: =COUNTIF('Plano de Estudo'!H5:H71,"Concluído") -> 0 | D4: Disciplina | E4: Assuntos | F4: Concluídos | G4: Horas | H4: Questões | I4: % Acerto
A5: Em estudo | B5: =COUNTIF('Plano de Estudo'!H5:H71,"Em estudo") -> 0 | D5: Língua Portuguesa | E5: =COUNTIF('Plano de Estudo'!C5:C71,D5) -> 10 | F5: =COUNTIFS('Plano de Estudo'!C5:C71,D5,'Plano de Estudo'!H5:H71,"Concluído") -> 0 | G5: =SUMIF('Plano de Estudo'!C5:C71,D5,'Plano de Estudo'!L5:L71) -> 0 | H5: =SUMIF('Plano de Estudo'!C5:C71,D5,'Plano de Estudo'!M5:M71) -> 0 | I5: =IFERROR(SUMIF('Plano de Estudo'!C5:C71,D5,'Plano de Estudo'!N5:N71)/H5,0) -> 0
A6: A revisar | B6: =COUNTIF('Plano de Estudo'!H5:H71,"Revisar") -> 0 | D6: Raciocínio Lógico-Matemático | E6: =COUNTIF('Plano de Estudo'!C5:C71,D6) -> 5 | F6: =COUNTIFS('Plano de Estudo'!C5:C71,D6,'Plano de Estudo'!H5:H71,"Concluído") -> 0 | G6: =SUMIF('Plano de Estudo'!C5:C71,D6,'Plano de Estudo'!L5:L71) -> 0 | H6: =SUMIF('Plano de Estudo'!C5:C71,D6,'Plano de Estudo'!M5:M71) -> 0 | I6: =IFERROR(SUMIF('Plano de Estudo'!C5:C71,D6,'Plano de Estudo'!N5:N71)/H6,0) -> 0
A7: Não iniciados | B7: =COUNTIF('Plano de Estudo'!H5:H71,"Não iniciado") -> 67 | D7: Legislação Aplicada à Ebserh | E7: =COUNTIF('Plano de Estudo'!C5:C71,D7) -> 4 | F7: =COUNTIFS('Plano de Estudo'!C5:C71,D7,'Plano de Estudo'!H5:H71,"Concluído") -> 0 | G7: =SUMIF('Plano de Estudo'!C5:C71,D7,'Plano de Estudo'!L5:L71) -> 0 | H7: =SUMIF('Plano de Estudo'!C5:C71,D7,'Plano de Estudo'!M5:M71) -> 0 | I7: =IFERROR(SUMIF('Plano de Estudo'!C5:C71,D7,'Plano de Estudo'!N5:N71)/H7,0) -> 0
A8: Horas planejadas | B8: =SUM('Plano de Estudo'!L5:L71) -> 0 | D8: Legislação Aplicada ao SUS | E8: =COUNTIF('Plano de Estudo'!C5:C71,D8) -> 5 | F8: =COUNTIFS('Plano de Estudo'!C5:C71,D8,'Plano de Estudo'!H5:H71,"Concluído") -> 0 | G8: =SUMIF('Plano de Estudo'!C5:C71,D8,'Plano de Estudo'!L5:L71) -> 0 | H8: =SUMIF('Plano de Estudo'!C5:C71,D8,'Plano de Estudo'!M5:M71) -> 0 | I8: =IFERROR(SUMIF('Plano de Estudo'!C5:C71,D8,'Plano de Estudo'!N5:N71)/H8,0) -> 0
A9: Questões feitas | B9: =SUM('Plano de Estudo'!M5:M71) -> 0 | D9: Engenharia de Software | E9: =COUNTIF('Plano de Estudo'!C5:C71,D9) -> 12 | F9: =COUNTIFS('Plano de Estudo'!C5:C71,D9,'Plano de Estudo'!H5:H71,"Concluído") -> 0 | G9: =SUMIF('Plano de Estudo'!C5:C71,D9,'Plano de Estudo'!L5:L71) -> 0 | H9: =SUMIF('Plano de Estudo'!C5:C71,D9,'Plano de Estudo'!M5:M71) -> 0 | I9: =IFERROR(SUMIF('Plano de Estudo'!C5:C71,D9,'Plano de Estudo'!N5:N71)/H9,0) -> 0
A10: Acertos | B10: =SUM('Plano de Estudo'!N5:N71) -> 0 | D10: Linguagens e Desenvolvimento Web | E10: =COUNTIF('Plano de Estudo'!C5:C71,D10) -> 13 | F10: =COUNTIFS('Plano de Estudo'!C5:C71,D10,'Plano de Estudo'!H5:H71,"Concluído") -> 0 | G10: =SUMIF('Plano de Estudo'!C5:C71,D10,'Plano de Estudo'!L5:L71) -> 0 | H10: =SUMIF('Plano de Estudo'!C5:C71,D10,'Plano de Estudo'!M5:M71) -> 0 | I10: =IFERROR(SUMIF('Plano de Estudo'!C5:C71,D10,'Plano de Estudo'!N5:N71)/H10,0) -> 0
A11: % de acerto geral | B11: =IFERROR(SUM('Plano de Estudo'!N5:N71)/SUM('Plano de Estudo'!M5:M71),0) -> 0 | D11: Banco de Dados e BI | E11: =COUNTIF('Plano de Estudo'!C5:C71,D11) -> 10 | F11: =COUNTIFS('Plano de Estudo'!C5:C71,D11,'Plano de Estudo'!H5:H71,"Concluído") -> 0 | G11: =SUMIF('Plano de Estudo'!C5:C71,D11,'Plano de Estudo'!L5:L71) -> 0 | H11: =SUMIF('Plano de Estudo'!C5:C71,D11,'Plano de Estudo'!M5:M71) -> 0 | I11: =IFERROR(SUMIF('Plano de Estudo'!C5:C71,D11,'Plano de Estudo'!N5:N71)/H11,0) -> 0
D12: Governança de TI e Segurança | E12: =COUNTIF('Plano de Estudo'!C5:C71,D12) -> 8 | F12: =COUNTIFS('Plano de Estudo'!C5:C71,D12,'Plano de Estudo'!H5:H71,"Concluído") -> 0 | G12: =SUMIF('Plano de Estudo'!C5:C71,D12,'Plano de Estudo'!L5:L71) -> 0 | H12: =SUMIF('Plano de Estudo'!C5:C71,D12,'Plano de Estudo'!M5:M71) -> 0 | I12: =IFERROR(SUMIF('Plano de Estudo'!C5:C71,D12,'Plano de Estudo'!N5:N71)/H12,0) -> 0

Sheet Ciclo de Revisão
A1: CICLO DE REVISÃO — 24H / 7D / 30D
A3: ID | B3: Assunto | C3: Data do estudo | D3: Revisão 24h | E3: Revisão 7d | F3: Revisão 30d | G3: Resultado/erros | H3: Observações
A4: 1 | B4: Compreensão e interpretação de textos | D4: =IF(C4="","",C4+1) | E4: =IF(C4="","",C4+7) | F4: =IF(C4="","",C4+30)
A5: 2 | B5: Tipologia e gêneros textuais | D5: =IF(C5="","",C5+1) | E5: =IF(C5="","",C5+7) | F5: =IF(C5="","",C5+30)
A6: 3 | B6: Ortografia oficial | D6: =IF(C6="","",C6+1) | E6: =IF(C6="","",C6+7) | F6: =IF(C6="","",C6+30)
A7: 4 | B7: Acentuação | D7: =IF(C7="","",C7+1) | E7: =IF(C7="","",C7+7) | F7: =IF(C7="","",C7+30)
A8: 5 | B8: Classes de palavras | D8: =IF(C8="","",C8+1) | E8: =IF(C8="","",C8+7) | F8: =IF(C8="","",C8+30)
A9: 6 | B9: Crase | D9: =IF(C9="","",C9+1) | E9: =IF(C9="","",C9+7) | F9: =IF(C9="","",C9+30)
A10: 7 | B10: Sintaxe da oração e do período | D10: =IF(C10="","",C10+1) | E10: =IF(C10="","",C10+7) | F10: =IF(C10="","",C10+30)
A11: 8 | B11: Concordância nominal e verbal | D11: =IF(C11="","",C11+1) | E11: =IF(C11="","",C11+7) | F11: =IF(C11="","",C11+30)
A12: 9 | B12: Regência nominal e verbal | D12: =IF(C12="","",C12+1) | E12: =IF(C12="","",C12+7) | F12: =IF(C12="","",C12+30)
A13: 10 | B13: Pontuação | D13: =IF(C13="","",C13+1) | E13: =IF(C13="","",C13+7) | F13: =IF(C13="","",C13+30)
A14: 11 | B14: Estruturas lógicas e lógica de argumentação | D14: =IF(C14="","",C14+1) | E14: =IF(C14="","",C14+7) | F14: =IF(C14="","",C14+30)
A15: 12 | B15: Conectivos e proposições simples/compostas | D15: =IF(C15="","",C15+1) | E15: =IF(C15="","",C15+7) | F15: =IF(C15="","",C15+30)
... A70: 67 | B70: LGPD aplicada a dados de saúde pública | D70: =IF(C70="","",C70+1) | E70: =IF(C70="","",C70+7) | F70: =IF(C70="","",C70+30)

Sheet Ciclo Semanal
A1: CICLO SEMANAL SUGERIDO — ORGANIZAÇÃO FLEXÍVEL
A3: Dia | B3: Foco | C3: Atividade | D3: Carga sugerida | E3: Realizado? | F3: Observações
A4: Segunda | B4: Português | C4: Teoria + questões | D4: 2h
A5: Terça | B5: Engenharia de Software | C5: Teoria + questões | D5: 2h
A6: Quarta | B6: Java / Desenvolvimento Web | C6: Teoria + código + questões | D6: 2h
A7: Quinta | B7: Banco de Dados / SQL | C7: Teoria + prática + questões | D7: 2h
A8: Sexta | B8: Governança, Segurança e LGPD | C8: Teoria + questões | D8: 2h
A9: Sábado | B9: RLM + Legislação Ebserh/SUS | C9: Revezar disciplinas + questões | D9: 3h
A10: Domingo | B10: Revisão + simulado | C10: Revisão 24h/7d + caderno de erros | D10: 2–3h

Sheet Como Usar
A1: COMO USAR A PLANILHA
A3: Nº | B3: Área | C3: Orientação
A4: 1 | B4: Plano de Estudo | C4: Use uma linha por assunto. Preencha horas de teoria, questões e revisão. O total é calculado automaticamente.
A5: 2 | B5: Status | C5: Altere o status entre Não iniciado, Em estudo, Revisar e Concluído.
A6: 3 | B6: Questões | C6: Registre quantidade de questões e acertos. A porcentagem é calculada automaticamente.
A7: 4 | B7: Ciclo de Revisão | C7: Ao estudar um assunto, informe a Data do estudo. As datas de 24h, 7 dias e 30 dias são calculadas.
A8: 5 | B8: Controle | C8: Acompanhe a quantidade de assuntos, horas, questões e desempenho por disciplina.
A9: 6 | B9: Ciclo Semanal | C9: Use como modelo de distribuição. Ajuste a carga horária à sua rotina.
A10: 7 | B10: Caderno de erros | C10: Anote na coluna de observações da revisão os pontos que você errou e retorne a eles nas revisões.
